<?xml version="1.0" encoding="UTF-8"?>
<project-private xmlns="http://www.netbeans.org/ns/project-private/1">
    <editor-bookmarks xmlns="http://www.netbeans.org/ns/editor-bookmarks/2" lastBookmarkId="0"/>
    <open-files xmlns="http://www.netbeans.org/ns/projectui-open-files/2">
        <group>
            <file>file:/C:/Users/LGBadures/OneDrive/Documentos/NetBeansProjects/FastImoveis/web/editRecord.jsp</file>
            <file>file:/C:/Users/LGBadures/OneDrive/Documentos/NetBeansProjects/FastImoveis/web/login_processar.jsp</file>
            <file>file:/C:/Users/LGBadures/OneDrive/Documentos/NetBeansProjects/FastImoveis/web/index.jsp</file>
            <file>file:/C:/Users/LGBadures/OneDrive/Documentos/NetBeansProjects/FastImoveis/web/painel.jsp</file>
            <file>file:/C:/Users/LGBadures/OneDrive/Documentos/NetBeansProjects/FastImoveis/web/addRecord.jsp</file>
            <file>file:/C:/Users/LGBadures/OneDrive/Documentos/NetBeansProjects/FastImoveis/web/logout.jsp</file>
        </group>
    </open-files>
</project-private>
